<?xml version="1.0" encoding="UTF-8"?>
<beans xmlns="http://www.springframework.org/schema/beans"
	xmlns:xsi="http://www.w3.org/2001/XMLSchema-instance"
	 xmlns:context="http://www.springframework.org/schema/context"
	xmlns:mvc="http://www.springframework.org/schema/mvc"
	xmlns:aop="http://www.springframework.org/schema/aop"
	xsi:schemaLocation="
		http://www.springframework.org/schema/beans
    	http://www.springframework.org/schema/beans/spring-beans.xsd
    	http://www.springframework.org/schema/context
    	http://www.springframework.org/schema/context/spring-context.xsd
    	http://www.springframework.org/schema/mvc
        http://www.springframework.org/schema/mvc/spring-mvc.xsd
        http://www.springframework.org/schema/aop http://www.springframework.org/schema/aop/spring-aop-2.5.xsd">

	<!-- Step 3: Add support for component scanning -->
	<context:component-scan base-package="shopping.gogreen" />

	<!-- Step 4: Add support for conversion, formatting and validation support -->
	<mvc:annotation-driven />
	<mvc:default-servlet-handler />
	<mvc:resources mapping="/Resources/**" location="/Resources/" />

	<!-- Step 5: Define Spring MVC view resolver -->
	<bean
		class="org.springframework.web.servlet.view.InternalResourceViewResolver">
		<property name="prefix" value="/WEB-INF/view/" />
		<property name="suffix" value=".jsp" />
	</bean>


	<bean id="list" class="java.util.ArrayList" scope="singleton">
		<constructor-arg>
			<value>#{productDao.getProductsId()}</value>
		</constructor-arg>
	</bean>


	<!-- declare beans -->
	<bean id="userDao" class="shopping.gogreen.dao.UserDaoImpl" />
	<bean id="userService" class="shopping.gogreen.services.UserServiceImpl" />

	<bean id="productDao" class="shopping.gogreen.dao.ProductDaoImpl" />
	<bean id="productService" class="shopping.gogreen.services.ProductServiceImpl" />

	<bean id="orderDao" class="shopping.gogreen.dao.OrderDaoImpl" />
	<bean id="orderService" class="shopping.gogreen.services.OrderServiceImple" />


	<bean id="cartDao" class="shopping.gogreen.dao.CartDaoImpl" />
	<bean id="cartService" class="shopping.gogreen.services.CartServiceImpl" />
	<bean id="cartRowMapper" class="shopping.gogreen.jdbc.CartRowMapper" scope="request"> 	   
    <aop:scoped-proxy/>
     </bean>
     	<bean id="orderRowMapper" class="shopping.gogreen.jdbc.OrderRowMapper" scope="request"> 	   
    <aop:scoped-proxy/>
     </bean>
     	<bean id="productRowMapper" class="shopping.gogreen.jdbc.ProductRowMapper" scope="request"> 	   
    <aop:scoped-proxy/>
     </bean>
     	<bean id="userRowMapper" class="shopping.gogreen.jdbc.UserRowMapper" scope="request"> 	   
    <aop:scoped-proxy/>
     </bean>
     <bean id="imageRowMapper" class="shopping.gogreen.jdbc.ImageRowMapper" scope="request"> 	   
    <aop:scoped-proxy/>
     </bean>
	<bean id="user" class="shopping.gogreen.domain.User" scope="prototype"> 	   
    
     </bean>
     <bean id="userRq" class="shopping.gogreen.domain.User" scope="request"> 	   
    <aop:scoped-proxy/>
     </bean>
    
     <bean id="contactUs" class="shopping.gogreen.domain.ContactUs" scope="request"> 	   
    <aop:scoped-proxy/>
     </bean>
     <bean id="order" class="shopping.gogreen.domain.Order" scope="prototype"> 	   
    
     </bean>    
     <bean id="orderList" class="java.util.ArrayList" scope="request">
		<constructor-arg>
			<list>
            <ref bean="order" />                         
        </list>
		</constructor-arg>
		<aop:scoped-proxy/>
	</bean>
     <bean id="cart" class="shopping.gogreen.domain.Cart" scope="prototype"> 	       
     </bean>
      <bean id="cartList" class="java.util.ArrayList" scope="request">
		<constructor-arg>
			<list>
            <ref bean="cart" />                         
        </list>
		</constructor-arg>
		<aop:scoped-proxy/>
	</bean>
	<bean id="productsRq" class="shopping.gogreen.domain.Products" scope="request"> 
	    <aop:scoped-proxy/>	      
     </bean>
     <bean id="products" class="shopping.gogreen.domain.Products" scope="prototype"> 	      
     </bean>
      <bean id="productList" class="java.util.ArrayList" scope="request">
		<constructor-arg>
			<list>
            <ref bean="products" />                         
        </list>
		</constructor-arg>
		<aop:scoped-proxy/>
	</bean>
	
      
     
     

	<!-- declare datasource bean -->
	<bean id="dataSource"
		class="org.springframework.jdbc.datasource.DriverManagerDataSource">
		<property name="driverClassName" value="com.mysql.jdbc.Driver" />
		<property name="url" value="jdbc:mysql://localhost:3306/go" />
		<property name="username" value="root" />
		<property name="password" value="root@123" />
	</bean>

	<!-- declare jdbc bean -->
	<bean id="jdbcTemplate" class="org.springframework.jdbc.core.JdbcTemplate">
		<property name="dataSource" ref="dataSource" />
	</bean>

</beans>










